<?xml version="1.0" encoding="UTF-8"?>
<root>
  <item name="com.netease.nim.uikit.common.ui.recyclerview.adapter.BaseFetchLoadAdapter void openLoadAnimation(int) 0">
    <annotation name="androidx.annotation.IntDef">
      <val name="value" val="{com.netease.nim.uikit.common.ui.recyclerview.adapter.BaseFetchLoadAdapter.ALPHAIN, com.netease.nim.uikit.common.ui.recyclerview.adapter.BaseFetchLoadAdapter.SCALEIN, com.netease.nim.uikit.common.ui.recyclerview.adapter.BaseFetchLoadAdapter.SLIDEIN_BOTTOM, com.netease.nim.uikit.common.ui.recyclerview.adapter.BaseFetchLoadAdapter.SLIDEIN_LEFT, com.netease.nim.uikit.common.ui.recyclerview.adapter.BaseFetchLoadAdapter.SLIDEIN_RIGHT}" />
    </annotation>
  </item>
  <item name="com.netease.nim.uikit.common.ui.recyclerview.adapter.BaseFetchLoadAdapter.AnimationType">
    <annotation name="androidx.annotation.IntDef">
      <val name="value" val="{com.netease.nim.uikit.common.ui.recyclerview.adapter.BaseFetchLoadAdapter.ALPHAIN, com.netease.nim.uikit.common.ui.recyclerview.adapter.BaseFetchLoadAdapter.SCALEIN, com.netease.nim.uikit.common.ui.recyclerview.adapter.BaseFetchLoadAdapter.SLIDEIN_BOTTOM, com.netease.nim.uikit.common.ui.recyclerview.adapter.BaseFetchLoadAdapter.SLIDEIN_LEFT, com.netease.nim.uikit.common.ui.recyclerview.adapter.BaseFetchLoadAdapter.SLIDEIN_RIGHT}" />
    </annotation>
  </item>
  <item name="com.netease.nim.uikit.common.ui.recyclerview.adapter.BaseQuickAdapter void openLoadAnimation(int) 0">
    <annotation name="androidx.annotation.IntDef">
      <val name="value" val="{com.netease.nim.uikit.common.ui.recyclerview.adapter.BaseQuickAdapter.ALPHAIN, com.netease.nim.uikit.common.ui.recyclerview.adapter.BaseQuickAdapter.SCALEIN, com.netease.nim.uikit.common.ui.recyclerview.adapter.BaseQuickAdapter.SLIDEIN_BOTTOM, com.netease.nim.uikit.common.ui.recyclerview.adapter.BaseQuickAdapter.SLIDEIN_LEFT, com.netease.nim.uikit.common.ui.recyclerview.adapter.BaseQuickAdapter.SLIDEIN_RIGHT}" />
    </annotation>
  </item>
  <item name="com.netease.nim.uikit.common.ui.recyclerview.adapter.BaseQuickAdapter.AnimationType">
    <annotation name="androidx.annotation.IntDef">
      <val name="value" val="{com.netease.nim.uikit.common.ui.recyclerview.adapter.BaseQuickAdapter.ALPHAIN, com.netease.nim.uikit.common.ui.recyclerview.adapter.BaseQuickAdapter.SCALEIN, com.netease.nim.uikit.common.ui.recyclerview.adapter.BaseQuickAdapter.SLIDEIN_BOTTOM, com.netease.nim.uikit.common.ui.recyclerview.adapter.BaseQuickAdapter.SLIDEIN_LEFT, com.netease.nim.uikit.common.ui.recyclerview.adapter.BaseQuickAdapter.SLIDEIN_RIGHT}" />
    </annotation>
  </item>
</root>

